den_words_per_min,den_W,den_OCW,den_words_utt_q1,den_words_utt_q2,den_words_utt_q3,den_words_utt_iqr12,den_words_utt_iqr23,den_words_utt_iqr13,den_words_utt_p01,den_words_utt_p99,den_words_utt_range01_99,den_words_utt_mean,den_words_utt_std,den_words_utt_skew,den_words_utt_kurt,den_nouns,den_verbs,den_nouns_per_verb,den_noun_ratio,den_light_verbs,den_determiners,den_demonstratives,den_prepositions,den_adjectives,den_adverbs,den_pronoun_ratio,den_function_words,dys_fillers_per_min,dys_fillers_per_word,dys_fillers_per_phone,dys_pauses_per_min,dys_long_pauses_per_min,dys_short_pauses_per_min,dys_pauses_per_word,dys_long_pauses_per_word,dys_short_pauses_per_word,dys_pause_sec_q1,dys_pause_sec_q2,dys_pause_sec_q3,dys_pause_sec_iqr12,dys_pause_sec_iqr23,dys_pause_sec_iqr13,dys_pause_sec_p01,dys_pause_sec_p99,dys_pause_sec_range01_99,dys_pause_sec_mean,dys_pause_sec_std,dys_pause_sec_skew,dys_pause_sec_kurt,lex_ttr,lex_freq_q1,lex_freq_q2,lex_freq_q3,lex_freq_iqr12,lex_freq_iqr23,lex_freq_iqr13,lex_freq_p01,lex_freq_p99,lex_freq_range01_99,lex_freq_mean,lex_freq_std,lex_freq_skew,lex_freq_kurt,lex_img_q1,lex_img_q2,lex_img_q3,lex_img_iqr12,lex_img_iqr23,lex_img_iqr13,lex_img_p01,lex_img_p99,lex_img_range01_99,lex_img_mean,lex_img_std,lex_img_skew,lex_img_kurt,lex_aoa_q1,lex_aoa_q2,lex_aoa_q3,lex_aoa_iqr12,lex_aoa_iqr23,lex_aoa_iqr13,lex_aoa_p01,lex_aoa_p99,lex_aoa_range01_99,lex_aoa_mean,lex_aoa_std,lex_aoa_skew,lex_aoa_kurt,lex_fam_q1,lex_fam_q2,lex_fam_q3,lex_fam_iqr12,lex_fam_iqr23,lex_fam_iqr13,lex_fam_p01,lex_fam_p99,lex_fam_range01_99,lex_fam_mean,lex_fam_std,lex_fam_skew,lex_fam_kurt,lex_phones_q1,lex_phones_q2,lex_phones_q3,lex_phones_iqr12,lex_phones_iqr23,lex_phones_iqr13,lex_phones_p01,lex_phones_p99,lex_phones_range01_99,lex_phones_mean,lex_phones_std,lex_phones_skew,lex_phones_kurt
0.0,0.0,0.0,0.0,0.0,0.0,0.0,0.0,0.0,0.0,0.0,0.0,0.0,0.0,0.0,0.0,3.159622696902453,0.0,0.0,0.0,0.0,0.0,0.0,0.0,2.1059086342058357,0.0,0.0,0.0,0.0,0.0,0.0,0.0,0.0,0.0,0.0,0.0,0.0,0.0,0.0,0.0,0.0,0.0,0.0,0.0,0.0,0.0,0.0,0.0,0.0,0.0,0.0,0.0,0.0,0.0,1.7593327291904626,0.0,1.5017959970653967,0.0,0.0,0.0,0.0,2.0996335383604503,0.0,0.0,0.0,0.0,0.0,0.0,0.0,0.0,0.0,2.3418854250194974,0.0,0.0,0.0,0.0,0.0,0.0,0.0,0.0,0.0,0.0,0.0,0.0,0.0,0.0,0.0,0.0,0.0,0.0,0.0,0.0,0.0,4.805366311736081,0.0,1.7648532869174502,0.0,0.0,0.0,0.0,0.0,2.293622287159158,0.0,0.0,0.0,0.0,0.0,0.0,0.0,0.0,1.5669255191902407,0.0,0.0,0.0,0.0,0.0
0.0,0.0,0.0,0.0,1.7604556236532407,0.0,2.1004793281485954,0.0,0.0,0.0,0.0,0.0,0.0,0.0,0.0,0.0,0.0,0.0,0.0,1.380416337459553,0.0,0.0,0.0,0.0,1.5674243451716692,0.0,0.0,0.0,0.0,0.0,0.0,0.0,0.0,0.0,0.0,0.0,0.0,0.0,0.0,0.0,0.0,0.0,0.0,1.6575053511297637,0.0,0.0,0.0,0.0,0.0,0.0,0.0,0.0,0.0,0.0,0.0,0.0,0.0,0.0,0.0,0.0,0.0,1.6534376274508527,0.0,0.0,0.0,0.0,0.0,0.0,1.644645293808523,0.0,0.0,1.949108208687157,0.0,0.0,0.0,0.0,0.0,0.0,0.0,0.0,0.0,0.0,0.0,0.0,0.0,0.0,0.0,0.0,0.0,0.0,1.362172209383683,0.0,0.0,0.0,0.0,0.0,0.0,0.0,0.0,0.0,0.0,0.0,0.0,0.0,0.0,0.0,0.0,0.0,0.0,0.0,0.0,0.0,0.0,1.923494503830591,0.0,0.0
0.0,0.0,0.0,0.0,0.0,0.0,0.0,0.0,0.0,0.0,0.0,0.0,0.0,0.0,0.0,0.0,0.0,0.0,2.250502899764791,0.0,0.0,0.0,0.0,0.0,0.0,0.0,0.0,0.0,0.0,0.0,0.0,0.0,0.0,0.0,0.0,0.0,0.0,0.0,0.0,0.0,0.0,2.42771017159109,1.7199229868637183,0.0,0.0,0.0,0.0,0.0,0.0,0.0,1.878817178315101,0.0,0.0,0.0,0.0,0.0,0.0,0.0,0.0,2.179590079717658,0.0,2.3172845952058485,0.0,0.0,0.0,0.0,0.0,0.0,0.0,0.0,0.0,0.0,0.0,0.0,0.0,2.432775689136581,0.0,0.0,0.0,0.0,0.0,0.0,0.0,0.0,0.0,0.0,0.0,0.0,0.0,0.0,0.0,0.0,0.0,0.0,2.627435999761426,0.0,0.0,0.0,0.0,0.0,0.0,0.0,0.0,0.0,0.0,0.0,0.0,0.0,0.0,0.0,2.5137222147405116,2.251567850032593,0.0,0.0,0.0,0.0
0.0,0.0,0.0,0.0,0.0,0.0,0.7083474579380966,0.0,0.0,0.0,0.0,0.0,0.0,0.0,0.0,0.0,0.0,0.0,0.8088747755249075,0.0,1.6992596714652137,0.0,0.0,0.0,0.7336173218026,0.0,0.0,0.0,0.0,0.0,0.0,0.0,0.0,0.0,0.0,0.0,0.0,0.0,-4.333943677684093,0.0,-3.1727571726177515,2.140140258600281,1.0905811485444874,0.0,0.0,0.0,0.0,0.0,0.0,0.0,0.0,0.0,0.0,0.0,0.0,0.5150334438764591,0.0,0.0,0.0,0.0,0.0,0.0,0.0,0.0,0.0,0.0,0.0,0.0,0.0,0.0,0.0,0.0,0.0,0.0,0.0,0.0,0.0,0.0,0.0,0.0,0.0,0.0,0.0,0.0,0.0,0.0,0.0,0.0,0.0,0.0,0.0,0.0,0.0,0.0,0.0,0.0,0.0,0.0,0.0,0.0,0.0,0.0,0.0,0.0,0.0,0.0,0.0,0.0,0.0,0.0,0.7096973536145211,0.0,0.0,0.0,0.0,0.0
0.0,0.0,0.0,0.0,0.0,0.0,0.0,0.0,0.0,0.0,0.0,0.0,0.0,0.0,0.0,0.0,0.0,0.0,0.0,0.0,0.0,0.0,0.0,0.0,0.6085573882513895,0.0,0.0,0.0,0.0,0.0,0.0,0.0,0.0,0.0,0.0,0.0,0.0,0.0,-2.2963192145833524,0.5636634548407974,-1.8173474512243628,0.0,0.6292239177894652,0.7932767372907844,0.0,0.0,0.0,0.0,0.0,0.0,0.0,0.0,0.0,0.0,0.47297703614658393,0.0,0.0,0.0,0.0,0.0,0.0,0.0,0.0,0.0,0.0,0.537039415430928,0.0,0.0,0.0,0.0,0.0,0.0,0.0,0.0,0.0,0.0,0.0,0.0,0.0,0.0,0.0,0.34488951316963895,0.0,0.0,0.0,0.0,0.0,0.0,0.0,0.0,0.0,0.0,0.0,0.0,0.0,0.0,0.0,0.0,0.0,0.0,0.0,0.9629978884372091,0.0,0.0,0.0,0.0,0.0,0.0,0.0,0.0,0.0,0.0,0.0,0.0,0.0,0.0
0.0,0.0,0.0,0.0,0.0,0.0,0.0,0.0,0.0,0.0,0.0,0.0,0.0,0.6602996194136157,0.0,0.0,0.0,0.0,0.0,0.0,0.0,0.0,1.2342734271796199,0.0,2.485631642047837,0.0,0.0,0.0,0.0,0.0,0.0,0.7744107094033699,0.0,0.0,0.0,0.0,0.0,0.0,0.0,0.0,0.0,0.0,0.0,0.0,0.0,0.0,0.0,0.0,0.0,0.0,1.1461716872467156,0.0,0.0,0.0,0.0,0.0,0.0,0.0,0.8566955907377776,0.8619531286167269,0.0,1.0070416804531195,0.0,0.0,0.0,0.0,0.0,0.0,0.0,0.0,0.0,0.0,0.0,0.0,0.0,0.0,0.0,0.0,0.0,0.7021009455279682,0.0,0.0,0.0,0.0,0.0,0.0,0.0,0.0,0.0,0.0,0.0,0.0,0.0,0.0,1.7702078843923688,0.0,0.0,0.0,0.0,0.0,0.0,0.0,0.0,0.0,0.0,0.0,0.0,0.0,0.0,0.0,0.0,0.0,0.0,0.0,0.0,0.0
0.0,0.0,0.0,0.0,0.0,0.0,-1.347589844272007,0.0,0.0,0.0,0.0,0.0,0.0,0.0,0.0,0.0,-1.8321961717635418,0.0,-2.3014986637770276,0.0,-2.6223308276290402,0.0,0.0,0.0,0.0,-4.887411952332925,0.0,0.0,0.0,0.0,0.0,0.0,0.0,0.0,0.0,0.0,0.0,0.0,0.0,0.0,0.0,0.0,0.0,0.0,0.0,0.0,0.0,0.0,0.0,0.0,0.0,0.0,0.0,0.0,0.0,0.0,0.0,0.0,-1.7412278626500841,0.0,0.0,0.0,0.0,0.0,0.0,-1.3670410912703008,0.0,-1.0579253814471983,0.0,0.0,0.0,0.0,0.0,0.0,0.0,0.0,0.0,0.0,0.0,0.0,0.0,0.0,0.0,0.0,0.0,0.0,0.0,0.0,0.0,0.0,0.0,0.0,0.0,0.0,-1.312519800156794,0.0,0.0,0.0,0.0,0.0,0.0,0.0,0.0,0.0,0.0,0.0,0.0,0.0,0.0,0.0,0.0,0.0,0.0,-2.4317678095229533,0.0,0.0
-1.4000258554481633,0.0,0.9030727594368801,0.0,0.0,0.0,0.0,0.0,0.0,0.0,0.0,0.0,0.0,0.8185485994387871,0.0,0.0,3.630985614879416,0.0,0.0,1.517213982146324,0.0,0.0,0.0,0.0,0.0,0.0,0.0,0.0,0.0,0.0,0.0,0.0,0.0,0.0,0.0,0.0,0.0,0.0,0.0,0.0,0.0,0.0,0.0,0.0,0.0,0.0,0.0,0.0,0.0,0.0,0.0,0.0,0.0,0.0,0.0,0.0,0.0,0.0,0.0,0.0,0.0,0.8831977316792892,0.0,0.0,0.0,0.0,0.0,-2.450981533084561,0.0,0.0,0.0,0.0,0.0,0.0,0.0,0.0,0.0,0.0,0.0,0.0,0.0,0.0,0.0,0.0,0.0,0.0,0.0,0.6561497116827554,0.0,0.0,0.0,0.0,0.0,1.4449123667397108,0.0,0.0,0.0,0.0,0.0,0.0,0.0,0.0,0.0,0.0,0.0,0.0,0.0,0.0,0.0,0.0,0.0,0.0,0.0,-1.5043826584518412,0.0,0.0
0.0,0.0,0.0,0.0,0.0,0.0,0.0,0.0,0.0,0.0,0.0,0.0,0.0,-0.4061228126027898,0.0,0.0,-3.5006532355783904,0.0,0.0,-1.517166872196593,0.0,0.0,-4.6683030954553875,0.0,0.0,0.0,0.0,0.0,0.0,0.0,0.0,0.0,0.0,0.0,0.0,0.0,0.0,0.0,0.0,0.0,0.0,0.0,0.0,0.0,0.0,0.0,0.0,0.0,0.0,0.0,0.0,0.0,0.0,0.0,0.0,0.0,0.0,0.0,0.0,0.0,0.0,-0.5570900515795709,0.0,0.0,0.0,0.0,0.0,0.0,0.0,0.0,0.0,0.0,0.0,0.0,0.0,-0.48759663361110483,0.0,0.0,0.0,0.0,0.0,0.0,0.0,0.0,0.0,0.0,0.0,0.0,0.0,0.0,0.0,0.0,0.0,-2.9333338096765145,0.0,0.0,0.0,0.0,0.0,0.0,0.0,0.0,0.0,0.0,0.0,0.0,0.0,0.0,0.0,0.0,-0.9511510992884438,-0.8092201055112608,0.0,-2.87046724782355,0.0,0.0
0.0,0.0,0.0,0.0,0.0,0.0,0.0,0.0,0.0,0.0,0.0,0.0,0.0,0.0,0.0,0.0,-3.1421219624390617,0.0,0.0,-3.2910031760759426,0.0,0.0,-1.1995155512402491,0.0,-2.5270963763285152,0.0,0.0,0.0,0.0,0.0,0.0,0.0,0.0,0.0,0.0,0.0,0.0,0.0,0.0,0.0,0.0,0.0,0.0,0.0,0.0,0.0,0.0,0.0,0.0,0.0,0.0,0.0,0.0,0.0,0.0,0.0,0.0,0.0,0.0,0.0,0.0,0.0,0.0,0.0,0.0,0.0,0.0,0.0,0.0,0.0,0.0,0.0,0.0,0.0,0.0,-1.3063465473901026,0.0,0.0,0.0,0.0,0.0,0.0,0.0,0.0,0.0,0.0,0.0,0.0,0.0,0.0,0.0,0.0,0.0,-2.583477563102605,0.0,0.0,0.0,0.0,0.0,0.0,0.0,-2.2049212899672206,0.0,0.0,0.0,0.0,0.0,0.0,0.0,0.0,-1.7047334302240624,-1.505161273780377,0.0,-3.436571839199616,0.0,0.0
0.0,0.0,2.454097698979918,0.0,0.0,0.0,0.0,0.0,0.0,0.0,0.0,0.0,0.0,0.0,0.0,0.0,0.0,0.0,-0.4836477608557293,0.0,-1.5926184849373777,0.0,0.0,0.0,0.0,-1.0815631176337968,0.0,0.0,0.0,0.0,0.0,0.0,0.0,0.0,0.0,0.0,0.0,0.0,-0.22587476310717058,0.0,0.0,0.0,0.0,0.0,0.0,0.0,0.0,0.0,-0.5674644133608274,0.0,-0.37775743431778475,0.0,0.0,0.0,0.0,0.0,0.0,0.0,-0.5626267325743719,0.0,0.0,0.0,0.0,0.0,0.0,0.0,0.0,-0.5423731016613835,0.0,0.0,0.0,0.0,0.0,0.0,0.0,0.0,0.0,0.0,0.0,0.0,0.0,0.0,0.0,0.0,0.0,0.0,0.0,-0.8211616630805643,0.0,0.0,0.0,0.0,0.0,0.0,0.0,0.0,0.0,0.0,0.0,0.0,0.0,0.0,0.0,0.0,0.0,0.0,0.0,0.0,0.0,0.0,0.0,0.0,0.0,0.0,0.0,0.0
0.0,-5.212496125864963,0.0,0.0,0.0,0.0,0.0,0.0,0.0,0.0,0.0,0.0,0.0,0.0,0.0,0.0,0.0,0.0,-2.4936597450128417,0.0,-3.1247308351229353,0.0,0.0,0.0,0.0,0.0,0.0,0.0,0.0,0.0,0.0,0.0,0.0,0.0,0.0,0.0,0.0,0.0,0.0,0.0,0.0,0.0,0.0,0.0,0.0,0.0,0.0,0.0,0.0,0.0,0.0,0.0,0.0,0.0,0.0,0.0,0.0,0.0,-4.870692296189365,0.0,0.0,0.0,0.0,0.0,0.0,0.0,0.0,-2.06134750149118,0.0,0.0,0.0,0.0,0.0,0.0,0.0,0.0,0.0,0.0,0.0,0.0,0.0,0.0,0.0,0.0,0.0,-2.0072463669005822,0.0,-3.4590825399665186,-3.1905944250298566,0.0,0.0,-2.3795726158561012,0.0,0.0,-2.7017970654839654,0.0,0.0,0.0,0.0,0.0,0.0,0.0,0.0,0.0,0.0,0.0,0.0,0.0,0.0,0.0,0.0,0.0,0.0,0.0,0.0,0.0
0.0,0.0,0.0,0.0,0.0,0.0,0.0,0.0,0.0,0.0,0.0,0.0,0.0,0.0,0.0,0.0,-1.809555397638551,0.0,0.0,-2.05251761859724,0.0,0.0,0.0,0.0,-1.9887552161562436,-2.0393857735096246,0.0,0.0,0.0,0.0,0.0,0.0,0.0,0.0,0.0,0.0,0.0,0.0,0.0,0.0,0.0,0.0,0.0,0.0,0.0,0.0,0.0,0.0,0.0,0.0,0.0,0.0,0.0,0.0,0.0,0.0,0.0,0.0,0.0,0.0,0.0,0.0,0.0,0.0,0.0,0.0,0.0,0.0,0.0,0.0,0.0,0.0,0.0,0.0,0.0,0.0,0.0,0.0,0.0,0.0,0.0,0.0,0.0,0.0,-2.205740101468276,-2.7361122598031455,0.0,-1.9875962993078562,0.0,0.0,0.0,0.0,0.0,0.0,0.0,0.0,0.0,0.0,0.0,0.0,0.0,0.0,0.0,0.0,0.0,0.0,0.0,0.0,0.0,0.0,-5.371791427043509,-4.98807381110893,0.0,-4.121197279566116,0.0,0.0
0.0,0.0,0.0,0.0,0.0,0.0,0.0,0.0,0.0,0.0,0.0,0.0,0.0,0.0,-0.9027425485430278,0.0,-1.7928301206204742,0.0,0.0,-1.0179644940534027,0.0,0.0,0.0,0.0,0.0,-1.7613705582886023,0.0,0.0,0.0,0.0,0.0,0.0,0.0,-0.8974385716850926,0.0,0.0,0.0,0.0,0.0,0.0,0.0,0.0,0.0,0.0,0.0,0.0,0.0,0.0,0.0,0.0,0.0,0.0,0.0,0.0,0.0,0.0,0.0,0.0,0.0,0.0,0.0,0.0,0.0,0.0,0.0,0.0,0.0,0.0,0.0,0.0,0.0,0.0,0.0,0.0,0.0,0.0,0.0,0.0,0.0,0.0,0.0,0.0,0.0,0.0,-0.8729493856333707,0.0,0.0,-1.4486886164437223,0.0,0.0,0.0,0.0,0.0,-1.4912398875807453,0.0,0.0,0.0,0.0,0.0,0.0,0.0,0.0,0.0,0.0,0.0,0.0,0.0,0.0,0.0,0.0,-1.1287138463214808,0.0,0.0,-3.2869931603324827,0.0,0.0
0.0,0.0,0.0,0.0,0.0,1.0715300094673665,0.0,1.125425630193202,0.988584610859044,0.0,0.0,0.0,0.0,0.0,0.0,0.0,0.0,0.0,0.0,0.0,0.0,0.0,0.0,0.0,1.2227463078385632,0.0,0.0,0.0,0.0,0.0,0.0,0.0,0.0,0.0,0.0,0.0,0.0,0.0,0.0,0.0,0.0,0.0,0.0,0.0,0.0,0.0,1.1629080935088671,1.0962402886401845,0.0,0.0,0.0,0.0,0.0,0.0,0.0,0.0,0.0,0.0,0.0,0.0,0.0,0.0,0.0,0.0,0.0,0.0,0.0,0.0,0.0,0.0,0.0,0.0,0.0,0.0,0.0,0.0,0.0,0.0,0.0,0.0,0.0,0.0,0.0,0.0,0.0,0.0,0.0,0.0,0.0,0.0,0.0,0.0,0.0,1.2365458298466225,0.0,0.0,0.0,0.0,0.0,0.0,0.0,0.0,0.0,0.0,0.0,0.0,0.0,0.0,0.0,0.0,0.9776661421906604,0.0,0.0,1.6952121422749753,0.9219554843533686,0.0
2.933033250562765,0.0,0.0,0.0,0.0,0.0,0.0,0.0,0.0,0.0,0.0,0.0,0.0,0.0,0.0,0.0,2.6286101035177905,0.0,1.9553972873279417,0.0,0.0,0.0,0.0,0.0,0.0,0.0,0.0,0.0,0.0,0.0,0.0,0.0,0.0,0.0,0.0,0.0,0.0,0.0,0.0,0.0,0.0,2.11535125894032,0.0,0.0,0.0,0.0,0.0,0.0,0.0,0.0,0.0,0.0,0.0,0.0,0.0,0.0,0.0,0.0,0.0,0.0,0.0,1.8532228776616362,0.0,0.0,0.0,0.0,0.0,0.0,0.0,0.0,0.0,0.0,0.0,0.0,0.0,0.0,0.0,0.0,0.0,0.0,0.0,0.0,0.0,1.310623655203415,0.0,0.0,0.0,0.0,0.0,0.0,0.0,0.0,0.0,0.0,0.0,0.0,0.0,0.0,0.0,0.0,0.0,0.0,1.736078610742556,0.0,0.0,0.0,0.0,0.0,0.0,0.0,3.831445777088581,3.924094198534721,0.0,2.711023356377403,0.0,0.0
0.0,0.0,0.0,0.0,0.0,0.0,0.0,0.0,0.0,0.0,0.0,0.0,0.0,0.0,0.0,0.0,-2.797841910318716,0.0,0.0,-1.8893297664273103,0.0,0.0,-2.7129543403802368,0.0,0.0,0.0,0.0,0.0,0.0,0.0,0.0,0.0,0.0,0.0,0.0,0.0,0.0,0.0,0.0,0.0,0.0,0.0,0.0,0.0,0.0,0.0,0.0,0.0,0.0,0.0,0.0,0.0,0.0,0.0,0.0,0.0,0.0,0.0,0.0,0.0,0.0,0.0,0.0,0.0,0.0,0.0,0.0,0.0,0.0,0.0,0.0,0.0,0.0,0.0,0.0,0.0,0.0,0.0,0.0,0.0,0.0,0.0,0.0,0.0,-0.9952452772645807,0.0,0.0,0.0,0.0,0.0,0.0,0.0,0.0,-1.440290852485666,0.0,0.0,0.0,0.0,0.0,0.0,0.0,-2.874254002475914,0.0,0.0,0.0,0.0,0.0,0.0,0.0,0.0,-4.182969096804804,-3.9441473066542683,0.0,-3.127301331724271,-0.8366995945204181,0.0
0.0,0.21805473650302798,0.0,0.0,0.0,0.0,0.0,0.0,0.0,0.0,0.0,0.0,0.0,0.0,0.0,0.0,0.31013153806580535,0.0,0.0,0.9807058789478885,0.0,0.0,0.0,0.0,0.0,0.0,0.0,0.0,0.0,0.0,0.0,0.18740300783065855,0.0,0.0,0.0,0.0,0.0,0.0,0.0,0.17463088925429626,0.0,0.2668616614310306,0.0,0.0,0.0,0.0,0.0,0.0,0.5653303235732786,1.5146035706271985,0.0,0.0,0.0,0.0,0.0,0.0,0.0,0.0,0.0,0.0,0.0,0.0,0.0,0.0,0.0,0.0,0.0,0.0,0.0,0.0,0.0,0.0,0.0,0.0,0.0,0.0,0.0,0.0,0.0,0.0,0.0,0.0,0.0,0.0,0.0,0.0,0.0,0.0,0.559348055855319,0.0,0.0,0.0,0.0,0.0,0.9218211813557429,0.0,0.0,0.0,0.0,0.0,0.0,0.0,0.0,0.0,0.0,0.0,0.0,0.0,0.0,0.0,0.0,0.0,0.0,0.0,0.0,0.0
0.0,0.0,-1.0108476333005891,0.0,0.0,0.0,0.0,0.0,0.0,0.0,0.0,0.0,0.0,0.969475903003052,0.0,0.0,0.0,0.0,-1.3238114585244851,0.0,-1.8405467378223945,0.0,0.0,0.0,1.2271820376852907,0.8206016278166961,0.0,0.0,0.0,0.0,0.0,0.0,0.0,0.0,0.0,0.0,0.0,0.0,0.0,0.0,0.0,0.0,0.0,0.0,0.0,0.0,0.0,0.0,0.0,0.0,0.0,0.0,0.0,0.0,0.0,0.0,0.0,0.0,0.0,0.0,0.0,0.0,0.0,0.0,0.0,0.0,0.0,0.0,0.0,0.0,0.0,-1.222033012013528,0.0,0.0,0.0,0.0,0.0,0.0,0.0,0.0,0.0,0.0,0.0,0.0,0.0,0.0,0.0,1.2732315200055395,0.0,0.0,0.0,0.0,0.0,0.0,-0.9636870272447351,0.0,0.0,0.0,0.0,0.0,0.0,1.4694127991839498,0.0,0.0,0.0,0.0,0.0,0.0,0.0,0.0,0.0,0.0,0.0,0.0,0.0,0.0
0.9633461494608255,0.0,0.0,0.0,0.0,0.0,0.0,0.0,0.0,0.0,0.0,0.0,0.0,1.064605928671094,0.0,0.0,1.3075638586960887,0.0,0.0,0.0,0.8691792736951519,0.0,0.0,0.0,0.0,0.0,0.0,0.0,0.0,0.0,0.0,0.0,0.0,0.0,0.0,0.0,0.0,0.0,0.0,0.0,0.0,1.6659391861324289,0.0,0.0,0.0,0.0,0.0,0.0,1.316499758078741,1.0200799464732868,1.0189665104806016,0.0,0.0,0.0,0.0,0.0,0.0,0.0,0.9029985731602429,0.0,0.0,0.0,0.0,0.0,0.0,0.0,0.0,0.0,0.0,0.0,0.0,0.0,0.0,0.0,0.0,0.0,0.0,0.0,0.0,0.0,0.0,0.0,0.0,0.0,0.0,0.0,0.0,0.0,0.0,0.0,0.0,0.0,0.0,0.0,1.2694840467486947,0.0,0.0,0.0,0.0,0.0,0.0,0.0,0.0,0.0,0.0,0.0,0.0,0.0,0.0,0.0,0.0,0.0,0.0,0.0,0.0,0.0
0.0,0.0,0.0,0.0,0.0,0.0,0.0,0.0,0.0,0.0,0.0,0.0,0.0,0.0,0.0,0.0,-1.9914840713631252,0.0,0.0,-1.4226738155676015,0.0,0.0,-0.336329373453329,0.0,0.0,0.0,0.0,0.0,0.0,0.0,0.0,0.0,0.0,0.0,0.0,0.0,0.0,0.0,0.0,0.0,0.0,0.0,0.0,0.0,0.0,0.0,0.0,0.0,0.0,0.0,-0.3150820363833407,0.0,0.0,0.0,0.0,0.0,0.0,0.0,0.0,0.0,0.0,-0.27579733271058515,0.0,0.0,0.0,0.0,0.0,0.0,0.0,0.0,0.0,0.0,0.0,0.0,0.0,0.0,0.0,0.0,0.0,0.0,0.0,0.0,0.0,0.0,0.0,0.0,0.0,0.0,0.0,0.0,0.0,0.0,0.0,-1.469322917433,0.0,0.0,0.0,0.0,0.0,0.0,0.0,-2.027662199394869,0.0,0.0,0.0,0.0,0.0,0.0,0.0,0.0,-1.858337090093769,-1.4934077189634365,0.0,-0.7110791904230046,0.0,0.0
0.0,0.0,-2.5985411822809876,0.0,-1.4789769439344431,0.0,0.0,0.0,0.0,0.0,0.0,0.0,0.0,0.0,0.0,0.0,-2.640333449069115,0.0,-1.5974196004084626,-2.1674147898506346,0.0,0.0,0.0,0.0,0.0,0.0,0.0,0.0,0.0,0.0,0.0,0.0,0.0,0.0,0.0,0.0,0.0,0.0,-1.6310026275486607,0.0,0.0,0.0,0.0,0.0,0.0,0.0,0.0,0.0,0.0,0.0,0.0,0.0,0.0,0.0,0.0,0.0,0.0,0.0,0.0,0.0,0.0,0.0,0.0,0.0,0.0,0.0,0.0,0.0,0.0,0.0,0.0,0.0,0.0,-2.181453645223616,0.0,0.0,-2.0791704269422593,0.0,0.0,0.0,0.0,0.0,0.0,0.0,0.0,0.0,0.0,0.0,0.0,0.0,0.0,0.0,0.0,0.0,0.0,0.0,0.0,0.0,0.0,0.0,0.0,0.0,0.0,-7.2099684681656315,0.0,0.0,0.0,0.0,0.0,0.0,0.0,0.0,-1.616832284768483,0.0,0.0,0.0
0.0,0.0,0.0,0.0,0.0,0.0,0.0,0.0,0.0,0.0,0.0,0.0,0.0,0.0,0.0,0.0,0.0,0.0,-2.282048591454881,0.0,-2.4217579624250845,0.0,0.0,0.0,0.0,-2.356445058498221,0.0,0.0,0.0,0.0,0.0,0.0,0.0,-2.515349071120379,0.0,0.0,-2.33191911166118,0.0,0.0,0.0,0.0,0.0,0.0,0.0,-2.3599508412709804,-2.149005334130341,0.0,0.0,0.0,0.0,0.0,0.0,0.0,0.0,0.0,0.0,0.0,0.0,0.0,0.0,0.0,0.0,0.0,0.0,0.0,-2.188800898324087,0.0,0.0,0.0,0.0,0.0,0.0,0.0,-2.0410162360122586,0.0,0.0,0.0,0.0,0.0,0.0,0.0,0.0,0.0,0.0,0.0,0.0,0.0,0.0,0.0,0.0,0.0,0.0,0.0,0.0,0.0,0.0,0.0,0.0,0.0,0.0,0.0,0.0,0.0,0.0,0.0,0.0,0.0,0.0,0.0,0.0,0.0,0.0,0.0,-1.7545351184249967,0.0,0.0
0.0,0.0,0.0,0.0,0.0,0.0,0.0,0.0,0.0,0.0,0.0,0.0,0.0,0.0,0.0,0.0,0.0,0.0,0.0,0.0,0.0,0.0,0.0,0.7647891492628381,0.0,0.0,0.0,0.0,0.0,0.0,0.0,0.0,0.0,0.0,0.0,0.0,0.0,0.0,0.0,0.0,0.0,0.0,0.0,2.041428417237259,0.0,0.0,0.7492650532733126,0.0,0.0,0.0,0.0,0.0,0.0,0.0,0.0,0.0,0.0,0.0,0.6146604594323851,0.9274220388704971,0.0,0.0,0.0,0.0,0.0,0.0,0.0,0.0,0.0,0.0,0.0,0.0,0.0,0.0,0.0,0.7199691946716098,0.0,0.0,0.0,0.0,0.0,0.0,0.0,0.0,0.0,0.0,0.0,0.0,0.0,0.0,0.0,0.0,0.0,1.0792532076628238,0.6628723382791026,0.0,0.0,0.0,0.0,0.0,0.0,0.0,0.0,0.0,0.0,0.0,0.0,0.0,0.0,0.0,1.0209006063694341,1.1185475413811636,0.0,0.0,0.0,0.0
0.0,0.0,0.0,0.0,0.0,0.0,0.0,0.0,1.0391993351365105,0.0,0.0,0.0,0.0,0.0,0.0,0.0,0.0,0.0,0.0,0.0,0.0,1.2513048167073881,1.4734443339426346,1.2409457017989691,0.0,0.0,0.0,0.0,0.0,0.0,0.0,0.0,1.2534996884902037,0.0,0.0,0.0,0.0,0.0,0.0,0.0,0.0,1.8462481889395894,1.1931302820434002,0.0,0.0,0.0,0.0,0.0,1.8846649547146526,3.8930565089458553,0.0,0.0,0.0,0.0,0.0,0.0,0.0,0.0,1.1231083512165776,0.0,0.0,0.0,0.0,0.0,0.0,0.0,0.0,0.0,0.0,0.0,0.0,0.0,0.0,0.0,0.0,0.0,0.0,0.0,0.0,0.0,0.0,0.0,0.0,0.0,0.0,0.0,0.0,0.0,0.0,0.0,0.0,0.0,0.0,0.0,0.0,0.0,0.0,0.0,0.0,0.0,0.0,0.0,0.0,0.0,0.0,0.0,0.0,0.0,0.0,0.0,0.0,0.0,0.0,0.0,0.0,0.0
0.0,0.0,2.0877008177990937,0.0,0.0,0.0,0.0,0.0,0.0,0.0,0.0,0.0,0.0,0.0,0.0,0.0,4.226088199499764,0.0,1.9022613061725548,1.3306409829685624,0.0,0.0,1.0192486132858534,0.0,0.0,0.0,0.0,0.0,0.0,0.0,0.0,0.0,0.0,0.0,0.0,0.0,0.0,0.0,0.0,0.0,0.0,0.0,0.0,0.0,0.0,0.0,0.0,0.0,0.0,0.0,1.4142577173042974,0.0,0.0,0.0,0.0,0.0,0.0,0.0,0.0,0.0,0.0,1.4528817810141565,0.0,0.0,0.0,0.0,0.0,0.0,0.0,0.0,0.0,0.0,0.0,0.0,0.0,0.0,0.0,0.0,0.0,0.0,0.0,0.0,0.0,0.0,0.0,0.0,0.0,0.0,0.0,0.0,0.0,0.0,0.0,1.5345733246384492,0.0,0.0,0.0,0.0,0.0,0.0,0.0,0.0,0.0,0.0,0.0,0.0,0.0,0.0,0.0,0.0,1.5381415204367512,1.6929050240485588,0.0,0.0,0.0,0.0
0.0,0.0,0.0,0.0,0.0,0.0,-1.224725662576751,0.0,0.0,0.0,0.0,0.0,0.0,0.0,0.0,0.0,0.0,0.0,0.0,0.0,-1.449248830691563,0.0,-1.2547183264995674,0.0,-4.155643577260814,-2.3982042909778816,0.0,0.0,0.0,0.0,0.0,0.0,0.0,0.0,0.0,0.0,0.0,0.0,0.0,0.0,0.0,0.0,0.0,0.0,0.0,0.0,0.0,0.0,0.0,0.0,0.0,0.0,0.0,0.0,0.0,0.0,0.0,0.0,-1.1784222616292936,0.0,0.0,0.0,0.0,0.0,0.0,-1.2209625120768082,0.0,0.0,0.0,0.0,0.0,0.0,0.0,-1.213802988358886,0.0,0.0,0.0,0.0,0.0,0.0,0.0,0.0,0.0,0.0,0.0,0.0,0.0,0.0,0.0,0.0,0.0,0.0,0.0,0.0,0.0,0.0,0.0,0.0,0.0,0.0,0.0,0.0,0.0,0.0,0.0,0.0,0.0,0.0,0.0,0.0,0.0,0.0,0.0,-1.8805109431778753,-1.7246638038567168,0.0
0.0,0.0,0.0,0.0,0.0,0.0,0.0,0.0,0.0,0.0,0.0,0.0,0.0,0.0,0.0,0.0,0.0,0.0,0.0,0.48441383253448117,0.0,0.0,0.0,0.0,0.8463371161673274,0.0,0.0,0.0,0.0,0.0,0.0,0.40157780146846783,0.46773332842837834,0.0,0.0,0.5340788067359612,0.0,0.0,0.0,0.0,0.0,0.0,0.0,0.0,0.0,0.0,0.0,0.0,0.0,0.0,0.0,0.0,0.0,0.0,0.0,0.0,0.0,0.0,0.2667339360271832,0.0,0.0,0.0,0.0,0.0,0.0,0.0,0.0,0.0,0.0,0.0,0.0,0.0,0.0,0.0,0.0,0.0,0.0,0.0,0.0,0.0,0.0,0.0,0.2876038390147712,0.0,0.0,0.0,0.0,0.0,0.0,0.0,0.4981393513331742,0.0,0.5984369895490792,0.0,0.0,0.0,0.0,0.0,0.0,0.0,0.0,1.7137901976118943,0.0,0.0,0.0,0.0,0.0,0.0,0.0,0.0,0.0,0.0,0.0,0.0,0.0,0.0
0.0,0.0,0.0,0.0,0.0,0.0,0.0,0.0,0.0,0.0,0.0,0.0,0.0,0.0,0.0,0.0,0.0,-1.6007789601561075,0.0,-1.085159253475119,0.0,0.0,-6.6418258368425604,0.0,-1.2454542129913246,0.0,0.0,-0.9794761210239926,0.0,0.0,0.0,0.0,0.0,0.0,0.0,0.0,0.0,0.0,0.0,0.0,0.0,0.0,0.0,0.0,0.0,0.0,0.0,0.0,-1.299635922869194,0.0,0.0,0.0,0.0,0.0,0.0,0.0,0.0,0.0,0.0,0.0,0.0,-1.322242567995523,0.0,0.0,0.0,0.0,0.0,0.0,0.0,0.0,0.0,0.0,0.0,0.0,0.0,0.0,0.0,0.0,0.0,0.0,0.0,0.0,0.0,0.0,0.0,0.0,0.0,0.0,0.0,0.0,0.0,0.0,0.0,0.0,0.0,0.0,0.0,0.0,0.0,0.0,0.0,-1.8515297833491409,0.0,0.0,0.0,0.0,0.0,0.0,0.0,0.0,-1.891156564953212,-1.4839195192626145,0.0,0.0,0.0,0.0
0.0,-0.9352861667066318,0.0,0.0,0.0,0.0,0.0,0.0,0.0,0.0,0.0,0.0,0.0,0.0,0.0,0.0,0.0,0.0,-0.8791127887598218,0.0,-2.105487146907259,0.0,0.0,0.0,0.0,0.0,0.0,0.0,0.0,0.0,0.0,0.0,0.0,0.0,0.0,0.0,0.0,0.0,0.0,0.0,0.0,0.0,0.0,2.353506772112039,0.0,0.0,0.0,0.0,0.0,0.0,0.0,0.0,0.0,0.0,0.0,0.0,0.0,0.0,0.0,0.0,0.0,0.0,0.0,0.0,0.0,0.0,0.0,-1.8670174905726407,0.0,0.0,0.0,0.0,0.0,0.0,0.0,0.0,0.0,0.0,0.0,0.0,0.0,0.0,0.0,0.0,0.0,0.0,0.0,1.2146458334197534,0.0,0.0,0.0,0.0,0.0,1.5133598283487675,-1.1666350670906844,0.0,0.0,0.0,0.0,0.0,0.0,2.9573676923324186,0.0,0.0,0.0,0.0,0.0,0.0,0.0,0.0,-0.6860253407769158,0.0,0.0,0.0,0.0,0.0
0.0,0.0,0.0,0.0,0.0,0.0,-0.9971848702638593,0.0,-0.9823369938016149,0.0,0.0,0.0,0.0,0.0,0.0,0.0,-3.6972162948872076,0.0,-3.0106309013008716,0.0,-2.4060473588341442,0.0,0.0,0.0,0.0,0.0,0.0,0.0,0.0,0.0,0.0,0.0,0.0,0.0,0.0,0.0,0.0,0.0,0.0,0.0,0.0,0.0,0.0,0.0,0.0,0.0,0.0,0.0,0.0,0.0,-2.0903568393456133,0.0,0.0,0.0,0.0,0.0,0.0,0.0,-1.7818729706827916,0.0,0.0,0.0,0.0,0.0,0.0,0.0,0.0,0.0,0.0,0.0,0.0,0.0,0.0,0.0,0.0,0.0,0.0,0.0,0.0,0.0,0.0,0.0,0.0,0.0,0.0,0.0,0.0,0.0,0.0,0.0,0.0,-0.6472243238557489,0.0,0.0,0.0,0.0,0.0,0.0,0.0,0.0,0.0,0.0,0.0,0.0,0.0,0.0,0.0,0.0,0.0,0.0,-1.2157002948067075,-1.2723190707768182,0.0,0.0,0.0,0.0
0.0,0.0,1.69052935373907,0.0,0.0,0.0,0.0,0.0,0.0,0.0,0.0,0.0,0.0,0.0,0.0,0.0,1.4449709658831527,0.0,0.0,0.0,0.0,0.0,0.0,0.0,2.5811997519504337,0.0,0.0,0.0,0.0,0.0,0.0,0.0,0.0,0.0,0.0,0.0,0.0,0.0,0.0,0.0,0.0,0.0,0.0,0.0,0.0,0.0,0.0,0.0,0.0,0.0,0.0,0.0,0.0,0.0,0.0,0.0,0.0,0.0,0.0,0.0,0.0,0.0,0.0,0.0,0.0,1.3532354418117658,0.0,0.0,0.0,0.0,0.0,0.0,0.0,0.0,0.0,0.0,0.0,0.0,0.0,0.0,0.0,1.7966649418189726,0.0,0.0,0.0,0.0,0.0,0.0,0.0,0.0,1.2749225417249583,0.0,0.0,2.984462923514721,0.0,0.0,0.0,0.0,0.0,0.0,0.0,2.654306402926794,0.0,0.0,1.7728757424129604,0.0,1.745572289129596,0.0,0.0,0.0,0.0,0.0,0.0,0.0,0.0,0.0
0.0,0.0,-1.007992933246802,0.0,0.0,0.0,0.0,0.0,0.0,0.0,0.0,0.0,0.0,0.0,0.0,0.0,-0.7978071345430746,0.0,0.0,0.0,0.0,0.0,0.0,0.0,0.0,0.0,0.0,0.0,0.0,0.0,0.0,0.0,0.0,0.0,0.0,0.0,0.0,0.0,-0.7974922479892537,0.0,0.0,0.0,0.0,0.0,0.0,0.0,0.0,0.0,0.0,0.0,0.0,0.0,0.0,0.0,0.0,0.0,0.0,0.0,0.0,0.0,0.0,1.6996929945474022,0.0,0.0,0.0,-0.46239531987321625,0.0,0.0,0.0,0.0,0.0,0.0,0.0,0.0,0.0,0.0,0.0,0.0,0.0,0.0,0.0,0.0,0.0,0.0,0.0,0.0,0.0,1.485230380524492,-1.3513548451291366,0.0,0.0,-0.7669908301260855,0.0,2.3849314700024236,-0.9867925008261952,0.0,0.0,0.0,0.0,0.0,0.0,0.0,0.0,0.0,0.0,0.0,0.0,0.0,0.0,0.0,0.0,0.0,0.0,0.0,0.0,0.0
0.0,0.0,0.0,0.0,0.0,0.0,0.0,0.0,0.0,0.0,0.0,0.0,0.0,0.0,0.0,0.0,0.0,0.0,0.0,0.0,0.34508894539888063,0.0,0.0,0.0,0.7019569044831417,0.0,0.0,0.0,0.0,0.0,0.0,0.0,0.0,0.0,0.0,0.0,0.0,0.0,0.0,0.0,0.0,0.0,0.0,0.0,0.0,0.0,0.0,0.0,-1.608899908645765,-3.0488605459363014,0.0,0.0,0.0,0.0,0.0,0.0,0.0,0.0,0.3938250605347382,0.49780669863868476,0.0,0.6438476225544073,0.0,0.0,0.0,0.0,0.0,0.0,0.0,0.0,0.0,0.0,0.0,0.0,0.0,0.0,0.0,0.0,0.0,0.0,0.0,0.0,0.0,0.0,0.0,0.0,0.0,0.5852425323719398,0.0,0.0,0.0,0.0,0.0,0.0,0.0,0.0,0.0,0.0,0.0,0.0,0.0,0.0,0.0,0.0,0.0,0.0,0.0,0.0,0.0,0.0,0.5878302890166277,0.500807449041056,0.0,0.0,0.0,0.0
0.0,0.0,0.0,-1.002502233191297,-1.3474015550418825,-0.9278213895313989,-1.0683034070556452,0.0,0.0,0.0,0.0,0.0,0.0,0.0,0.0,0.0,0.0,0.0,-2.3505592696098154,0.0,-3.8211544123496224,0.0,0.0,0.0,-1.7426640350749287,0.0,0.0,0.0,0.0,0.0,0.0,-1.9157394520003042,0.0,-3.1762485510494547,0.0,0.0,-1.6488808992898296,0.0,0.0,0.0,0.0,0.0,0.0,0.0,0.0,0.0,0.0,0.0,0.0,0.0,0.0,0.0,0.0,0.0,0.0,0.0,0.0,0.0,0.0,0.0,0.0,0.0,0.0,0.0,0.0,0.0,0.0,0.0,0.0,0.0,0.0,0.0,0.0,0.0,0.0,0.0,0.0,0.0,0.0,0.0,0.0,0.0,0.0,0.0,0.0,0.0,0.0,0.0,0.0,0.0,0.0,0.0,0.0,0.0,0.0,0.0,0.0,0.0,0.0,0.0,0.0,0.0,0.0,0.0,0.0,0.0,0.0,0.0,0.0,0.0,0.0,0.0,0.0,0.0,0.0,0.0
2.655349115771011,0.0,0.0,0.0,0.0,0.0,0.0,0.0,0.0,0.0,0.0,0.0,0.0,0.0,0.0,0.0,2.1816902251278325,0.0,0.0,0.0,0.0,0.0,0.0,0.0,0.0,0.0,0.0,0.0,0.0,0.0,0.0,0.0,0.0,0.0,0.0,0.0,0.0,0.0,0.0,0.0,0.0,0.0,0.0,0.0,0.0,0.0,0.0,0.0,0.0,0.0,0.0,0.0,2.002752146356653,0.0,0.0,0.0,0.0,0.0,0.0,0.0,0.0,0.0,0.0,0.0,0.0,0.0,0.0,0.0,0.0,0.0,0.0,0.0,0.0,0.0,2.772739556873139,1.9573057212391483,0.0,0.0,0.0,0.0,0.0,0.0,0.0,0.0,0.0,0.0,0.0,0.0,0.0,0.0,0.0,2.0023530983112394,0.0,0.0,1.9470696009229393,0.0,0.0,0.0,0.0,0.0,0.0,0.0,0.0,0.0,0.0,0.0,0.0,0.0,0.0,0.0,2.0248451978969615,2.1345013596303932,0.0,2.8202065938692433,0.0,0.0
2.5035024276625313,0.0,0.0,0.0,2.48791291415603,2.086335621654616,0.0,0.0,0.0,0.0,0.0,0.0,0.0,0.0,0.0,0.0,0.0,0.0,2.908190828530138,0.0,0.0,0.0,0.0,0.0,0.0,0.0,0.0,0.0,0.0,0.0,0.0,0.0,0.0,0.0,0.0,0.0,0.0,0.0,0.0,0.0,0.0,0.0,0.0,0.0,0.0,0.0,0.0,0.0,0.0,0.0,0.0,0.0,0.0,0.0,2.2082076813132203,0.0,0.0,0.0,0.0,0.0,0.0,0.0,0.0,0.0,0.0,0.0,0.0,0.0,0.0,0.0,0.0,0.0,0.0,0.0,0.0,0.0,0.0,0.0,0.0,0.0,0.0,0.0,0.0,0.0,0.0,0.0,0.0,0.0,0.0,0.0,0.0,0.0,0.0,2.106859404118177,1.9559490482817274,0.0,0.0,0.0,0.0,0.0,0.0,0.0,0.0,0.0,0.0,0.0,0.0,0.0,0.0,0.0,3.579001624867715,3.418730449861713,0.0,3.0440064143156653,0.0,0.0
0.0,0.0,0.0,0.0,0.0,0.0,0.0,0.0,0.0,0.0,0.0,0.0,0.0,0.0,0.0,0.0,4.59403031203202,0.0,1.700304223135328,0.0,0.0,0.0,0.0,0.0,0.0,0.0,0.0,0.0,0.0,0.0,0.0,0.8817626063555952,0.0,0.0,0.0,0.0,0.0,0.0,0.0,0.0,0.0,0.0,0.0,0.0,0.0,0.0,0.9721759589097974,0.0,0.0,0.0,0.0,0.0,0.892024428654491,0.0,0.0,0.0,0.0,0.0,0.0,0.0,0.0,0.0,0.0,0.0,0.0,0.0,0.0,0.7965245531725793,0.0,0.0,0.0,0.0,0.0,0.0,0.0,0.0,0.0,0.0,0.0,0.9081161673671456,0.0,0.0,0.0,0.0,0.0,0.0,0.0,0.0,0.0,0.0,0.0,0.0,0.0,0.0,1.7370457922618565,0.0,0.0,0.0,0.0,0.0,0.0,0.0,0.0,0.0,0.0,0.0,0.0,0.0,0.0,0.0,1.5569567644211175,0.7601768989886251,0.0,0.0,0.0,0.0
2.0913595942499503,0.0,0.0,0.0,0.0,0.0,0.0,0.0,0.0,0.0,0.0,0.0,0.0,0.0,0.0,0.0,0.0,0.0,1.3398031686717715,0.0,0.0,0.0,0.0,0.0,0.0,0.0,0.0,0.0,0.0,0.0,0.0,0.0,0.0,0.0,0.0,0.0,0.0,0.0,0.0,0.0,0.0,0.0,0.0,0.0,0.0,0.0,0.0,0.0,1.301488269057581,1.697392600782861,0.0,0.0,1.61635952120394,0.0,0.0,0.0,0.0,0.0,0.0,0.0,1.331009286760392,0.0,0.0,0.0,0.0,0.0,0.0,0.0,0.0,0.0,0.0,0.0,0.0,0.0,0.0,1.69754749560206,0.0,0.0,0.0,0.0,0.0,0.0,0.0,0.0,0.0,0.0,0.0,0.0,0.0,0.0,0.0,0.0,0.0,0.0,0.0,0.0,0.0,0.0,0.0,0.0,0.0,0.0,1.3294623956977638,0.0,0.0,0.0,0.0,0.0,0.0,0.0,1.8028939983778915,1.591399774944138,0.0,0.0,0.0,0.0
0.0,0.0,0.0,0.0,0.0,0.0,0.0,0.0,0.0,0.0,0.0,0.0,0.0,0.0,0.0,0.0,-3.0352561579997146,0.0,0.0,-1.3875400320471325,4.405958823615125,0.0,1.7391337731767265,0.0,1.7161446905338205,0.0,0.0,0.0,0.0,0.0,0.0,0.0,0.0,0.0,0.0,0.0,0.0,0.0,0.0,0.0,0.0,0.0,0.0,0.0,0.0,0.0,0.0,0.0,0.0,0.0,0.0,0.0,0.0,0.0,0.0,0.0,0.0,0.0,0.0,0.0,0.0,0.0,0.0,0.0,0.0,0.0,0.0,0.0,0.0,0.0,0.0,0.0,0.0,0.0,0.0,1.9672897582275257,0.0,0.0,0.0,0.0,0.0,0.0,0.0,0.0,0.0,0.0,0.0,0.0,0.0,0.0,0.0,0.0,0.0,-3.3141055714473655,1.5431874430964623,0.0,0.0,0.0,0.0,0.0,0.0,-2.7064668509116534,0.0,0.0,0.0,0.0,0.0,0.0,0.0,0.0,0.0,0.0,0.0,-2.4290499871232054,0.0,0.0
0.0,0.0,0.0,0.0,0.0,0.0,1.7181725150642133,0.0,1.3900941678431813,0.0,0.0,0.0,0.0,0.0,0.0,0.0,0.0,0.0,0.0,0.0,0.0,0.0,0.0,0.0,1.4080204499457598,0.0,0.0,0.0,0.0,0.0,0.0,0.0,0.0,0.0,0.0,0.0,0.0,0.0,0.0,0.0,0.0,0.0,0.0,0.0,0.0,0.0,0.0,0.0,0.0,0.0,0.0,0.0,0.0,0.0,0.0,0.0,0.0,0.0,0.0,0.0,0.0,2.0792574169879168,0.0,0.0,0.0,0.0,0.0,0.0,1.3120499618791002,0.0,0.0,1.5216894843299487,0.0,0.0,0.0,0.0,0.0,0.0,0.0,0.0,0.0,0.0,0.0,0.0,0.0,0.0,0.0,1.7445054710934829,0.0,0.0,0.0,0.0,0.0,2.1795980204814573,0.0,1.3680756846213598,0.0,0.0,0.0,0.0,0.0,0.0,0.0,0.0,0.0,0.0,0.0,0.0,0.0,0.0,0.0,0.0,0.0,1.8773846283988829,0.0,0.0
0.0,0.0,-1.1599856030192008,0.0,0.0,0.0,0.0,0.0,0.0,0.0,0.0,0.0,0.0,-2.048152769385415,0.0,0.0,-2.92554413548671,0.0,0.0,0.0,0.0,0.0,0.0,0.0,0.0,0.0,0.0,0.0,-0.4513550317528995,0.0,0.0,0.0,0.0,0.0,0.0,0.0,0.0,0.0,0.0,0.0,0.0,0.0,0.0,0.0,0.0,0.0,0.0,0.0,0.0,0.0,0.0,0.0,0.0,0.0,0.0,0.0,0.0,0.0,0.0,0.0,0.0,0.0,0.0,0.0,0.0,0.0,0.0,0.0,0.0,0.0,0.0,0.0,0.0,0.0,0.0,-0.8318371250052224,0.0,0.0,0.0,0.0,0.0,0.0,0.0,0.0,0.0,0.0,0.0,0.0,0.0,0.0,0.0,0.0,0.0,-1.4818813356125504,0.0,-0.7175172461679896,0.0,0.0,0.0,0.0,0.0,-3.254926843004844,0.0,0.0,0.0,0.0,0.0,0.0,0.0,0.0,1.4406766458098446,1.5299534136614363,0.0,0.0,0.0,0.0
0.0,0.0,0.0,0.0,0.0,0.0,0.0,1.3152578079321804,1.1183057900968498,0.0,0.0,0.0,0.0,-1.453833245315828,0.0,0.0,-3.8255602913893565,0.0,0.0,0.0,-2.2900627728642173,0.0,0.0,0.0,1.5519496038815164,0.0,0.0,0.0,0.0,0.0,0.0,0.0,0.0,0.0,0.0,0.0,0.0,0.0,0.0,0.0,0.0,0.0,0.0,0.0,0.0,0.0,0.0,0.0,0.0,0.0,0.0,0.0,0.0,0.0,0.0,0.0,0.0,0.0,0.0,0.0,0.0,0.0,0.0,0.0,0.0,0.0,0.0,0.0,0.0,0.0,0.0,0.0,0.0,0.0,-2.124263869747131,1.2205030348661763,0.0,0.0,0.0,0.0,0.0,0.0,0.0,0.0,0.0,0.0,0.0,0.0,0.0,0.0,0.0,0.0,0.0,0.0,0.0,0.0,0.0,0.0,0.0,0.0,0.0,1.041201909020976,0.0,0.0,0.0,0.0,0.0,0.0,0.0,0.0,0.0,1.4454035187565295,0.0,0.0,0.0,0.0
1.902509495423833,0.0,0.8044192623174826,0.0,0.0,0.0,0.0,0.0,0.0,0.0,0.0,0.0,0.0,0.0,0.0,0.0,1.4163579307490026,0.0,0.0,0.0,2.4054414336284404,0.0,0.0,0.0,0.0,0.0,0.0,0.0,0.0,0.0,0.0,0.0,0.0,0.0,0.0,0.0,0.0,0.0,0.0,0.0,0.0,0.0,0.0,0.0,0.0,0.0,0.0,0.0,0.0,0.0,0.44675040753058415,0.0,0.0,0.0,0.0,0.0,0.0,0.0,0.504565632218717,0.0,0.0,0.0,0.0,0.0,0.0,0.0,0.0,0.0,0.0,0.0,0.0,0.0,0.0,0.0,0.0,0.0,0.0,0.0,0.0,0.0,0.0,0.0,0.0,0.5350432154761677,0.0,0.0,0.0,0.0,0.0,0.0,0.0,0.0,0.0,0.0,1.4576062286821516,0.0,0.0,0.0,0.0,0.0,0.0,-3.9719350322906717,0.4735496592020514,0.0,0.0,0.0,0.0,0.0,0.0,0.0,0.0,0.0,0.0,0.0,0.0,0.0
0.0,0.0,0.0,0.0,0.0,0.0,0.0,0.0,0.0,0.0,0.0,0.0,0.0,0.0,0.0,0.0,0.0,0.0,0.0,0.0,0.0,0.0,-1.148432412684476,0.0,-2.9624302751659,-0.857375055708507,0.0,0.0,0.0,0.0,0.0,0.0,0.0,0.0,0.0,0.0,0.0,0.0,0.0,0.0,0.0,0.0,0.0,0.0,0.0,0.0,0.0,0.0,0.0,0.0,0.0,0.0,0.0,0.0,0.0,0.0,0.0,0.0,0.0,0.0,0.0,0.0,0.0,0.0,0.0,0.0,0.0,0.0,-0.6523574950407163,0.0,0.0,0.0,0.0,0.0,0.0,0.0,0.0,0.0,0.0,0.0,0.0,0.0,0.0,0.0,0.0,0.0,0.0,0.0,0.0,0.0,0.0,0.0,0.0,-0.9889499097965865,0.0,-0.25660913960128084,0.0,0.0,0.0,0.0,0.0,-1.3617332260345953,0.0,0.0,0.0,0.0,0.0,0.0,0.0,0.0,-1.387526923766907,-1.3583380954930233,0.0,-0.3268590457140733,0.0,0.0
0.0,0.0,0.0,0.0,1.5221870413455765,1.7406737051016292,1.5530655171008105,0.0,1.658473673988291,0.0,0.0,0.0,0.0,0.0,0.0,0.0,0.0,0.0,1.553056537462896,0.0,2.0134806482919196,0.0,0.0,0.0,0.0,0.0,0.0,0.0,0.0,0.0,0.0,0.0,0.0,0.0,0.0,0.0,0.0,0.0,0.0,0.0,0.0,0.0,0.0,0.0,0.0,0.0,0.0,0.0,0.0,0.0,0.0,0.0,0.0,0.0,0.0,0.0,0.0,0.0,0.0,0.0,0.0,1.6031283259004259,0.0,0.0,0.0,0.0,0.0,0.0,0.0,0.0,0.0,0.0,0.0,0.0,0.0,0.0,0.0,0.0,0.0,0.0,0.0,0.0,0.0,0.0,0.0,1.3706701574415507,0.0,1.3732293915570342,0.0,0.0,0.0,0.0,0.0,0.0,0.0,0.0,0.0,0.0,0.0,0.0,0.0,0.0,0.0,0.0,0.0,0.0,0.0,0.0,0.0,0.0,0.0,1.7016232983395518,0.0,0.0,0.0,0.0
0.0,0.0,0.0,0.0,0.0,0.0,0.0,0.0,0.0,0.0,0.0,0.0,0.0,0.0,0.0,0.0,0.0,0.0,1.3153887078311024,0.0,1.4261746930027381,0.0,0.0,0.0,2.0523514418673496,0.0,0.0,0.0,0.0,0.0,0.0,0.0,0.0,0.0,0.0,0.0,0.0,0.0,0.0,0.0,0.0,0.0,0.0,0.0,0.0,0.0,0.0,0.0,0.0,0.0,0.0,0.0,0.0,0.0,0.0,0.0,0.0,0.0,1.149834123346933,0.0,0.0,0.0,0.0,0.0,0.0,0.0,0.0,0.0,0.0,0.0,0.0,0.0,0.0,0.0,0.0,0.0,0.0,0.0,0.0,0.0,0.0,0.0,0.0,0.0,0.0,0.0,0.0,0.0,0.0,0.0,0.0,0.0,0.0,2.6046071144412997,0.0,0.0,0.0,0.0,0.0,0.0,0.0,2.378412945395659,0.0,0.0,1.717023906013005,0.0,0.0,0.0,0.0,0.0,1.6058376720966157,1.4939353346178308,0.0,1.2553249225151029,0.0,0.0
0.0,0.0,0.0,0.0,0.0,0.0,0.0,0.0,0.0,0.0,0.0,0.0,0.0,1.1232730924930736,0.0,0.0,4.320829971038457,0.0,2.063965464080541,1.3028255088368002,0.0,0.0,0.0,0.0,1.0318600700655747,0.0,0.0,0.0,0.0,0.0,0.0,0.0,0.0,0.0,0.0,0.0,0.0,0.0,0.0,0.0,0.0,0.0,0.0,0.0,0.0,0.0,0.0,0.0,0.0,0.0,0.0,0.0,0.0,0.0,0.0,0.0,0.0,0.0,1.1595659395809916,0.0,0.0,0.840597625131565,0.0,0.0,0.0,0.0,0.0,0.0,0.0,0.0,0.0,0.0,0.0,0.0,0.0,1.0004330233727516,0.0,0.0,0.0,0.0,0.0,0.0,0.0,0.0,0.0,0.0,0.0,0.0,0.0,0.0,0.0,0.0,0.0,0.0,0.0,0.0,0.0,0.0,0.0,0.0,0.0,0.0,0.0,0.0,0.0,0.0,0.0,0.0,0.0,0.0,1.782195609764075,1.5510966013582754,0.0,0.0,0.0,0.0
1.1439407662755434,0.0,0.0,0.0,0.0,0.0,0.0,0.0,0.0,0.0,0.0,0.0,0.0,0.0,0.0,0.0,2.0565517108768816,0.0,1.5463448696806552,0.0,0.0,0.0,0.0,0.0,0.0,0.0,0.0,0.0,0.0,0.0,0.0,0.0,0.0,0.0,0.0,0.0,0.0,0.0,0.0,0.0,0.0,0.0,0.0,0.0,0.0,0.0,0.0,0.0,0.0,0.0,0.0,0.0,0.8255241170460579,0.0,0.0,0.0,0.0,0.0,0.0,0.0,0.8685936507883862,0.0,0.0,0.0,0.0,0.0,0.0,0.0,0.0,0.0,0.0,0.0,0.0,0.0,0.948585572292129,1.1499320597174705,0.0,0.0,0.0,0.0,0.0,0.0,0.0,0.0,0.0,0.0,0.0,0.0,0.0,0.0,0.0,0.0,0.0,0.0,1.6223427289746024,0.0,0.0,0.0,0.0,0.0,0.0,0.0,1.065174828138232,0.0,0.0,0.0,0.0,0.0,0.0,0.0,0.0,0.0,0.8718542329829435,0.0,0.0,0.0
2.0974914488047793,0.0,0.0,0.0,0.0,2.313235075060322,0.0,0.0,0.0,0.0,0.0,0.0,0.0,0.0,0.0,0.0,0.0,0.0,2.0750701588849094,0.0,0.0,0.0,0.0,0.0,0.0,0.0,0.0,0.0,0.0,0.0,0.0,0.0,0.0,0.0,0.0,0.0,0.0,0.0,0.0,0.0,0.0,0.0,0.0,0.0,0.0,0.0,0.0,0.0,0.0,0.0,2.064197106772066,0.0,0.0,0.0,0.0,0.0,0.0,0.0,0.0,0.0,0.0,0.0,0.0,0.0,0.0,0.0,0.0,0.0,0.0,0.0,0.0,0.0,0.0,0.0,2.374941148505614,2.8119992119858277,0.0,0.0,0.0,0.0,0.0,0.0,0.0,0.0,0.0,0.0,0.0,0.0,0.0,0.0,0.0,0.0,0.0,0.0,2.1855870069285572,0.0,0.0,0.0,0.0,0.0,0.0,0.0,0.0,0.0,0.0,0.0,0.0,0.0,0.0,0.0,2.536794200470687,2.2897928149858657,0.0,1.8497912864536015,0.0,0.0
0.0,0.0,0.0,0.0,0.0,0.0,0.0,0.0,0.0,0.0,0.0,0.0,0.0,0.0,0.0,0.0,1.8615338231935457,0.0,0.0,0.0,-2.5292292869895783,0.0,0.0,0.0,1.6840881440651143,0.0,-0.5773032066983017,0.0,0.0,0.0,0.0,0.0,0.0,0.0,0.0,0.0,0.0,0.0,0.0,0.0,0.0,0.0,0.0,0.0,0.0,0.0,0.0,0.0,0.0,0.0,-0.7101224772322916,0.0,-0.28040287541645476,0.0,0.0,0.0,0.0,0.0,0.0,0.0,0.0,0.0,0.0,0.0,0.0,0.0,0.0,-0.5238005355364207,0.0,0.0,0.0,0.0,0.0,0.0,0.0,0.0,0.0,0.0,0.0,0.0,0.0,0.0,0.0,0.0,0.0,0.0,0.0,0.0,-0.6361982444742533,0.0,0.0,0.0,0.0,0.0,-1.1236586455700042,0.0,0.0,0.0,0.0,0.0,0.0,0.0,0.0,0.0,0.0,0.0,0.0,0.0,0.0,0.0,-0.7660271198303521,0.0,0.0,0.0,0.0,0.0
0.0,0.0,-1.3220416715564618,0.0,0.0,0.0,0.0,0.0,0.0,0.0,0.0,0.0,0.0,0.0,0.0,0.0,-0.7601194062407529,0.0,-0.8387944035286553,0.0,-1.9299829861178404,0.0,0.0,0.0,0.0,0.0,0.0,0.0,0.0,0.0,0.0,0.0,0.0,0.0,0.0,0.0,0.0,0.0,0.0,0.0,0.0,0.0,0.0,0.0,0.0,0.0,0.0,0.0,0.0,0.0,0.0,0.0,0.0,0.0,0.0,0.0,0.0,0.0,0.0,0.0,0.0,0.0,0.0,0.0,0.0,0.0,0.0,0.0,0.0,0.0,0.0,0.0,-0.2096394324246882,0.0,0.0,-0.9256685495671185,0.0,0.0,0.0,0.0,0.0,0.0,0.0,0.0,0.0,0.0,0.0,0.0,-0.4307703674349729,0.0,0.0,0.0,0.0,0.0,-0.5711582104733443,0.0,0.0,0.0,0.0,0.0,0.0,0.0,0.0,0.0,0.0,0.0,0.0,0.0,0.0,0.0,-0.31016840181099414,0.0,0.0,-0.7028744406203323,0.0,0.0
0.0,0.0,-1.3281050292668135,0.0,0.0,0.0,0.0,0.0,0.0,0.0,0.0,0.0,0.0,0.0,0.0,0.0,0.0,0.0,-1.7691160188955863,1.4431754079260597,-2.2220270750895623,0.0,0.0,0.0,1.1333697975319708,1.3149505767186396,0.0,0.0,0.0,0.0,0.0,0.0,0.0,0.0,0.0,0.0,0.0,0.0,0.0,0.0,0.0,0.0,0.0,0.0,0.0,0.0,0.0,0.0,0.0,0.0,0.0,0.0,0.0,0.0,0.0,0.0,0.0,0.0,0.0,0.0,0.0,0.0,0.0,0.0,0.0,0.0,0.0,-1.3999620681126141,0.0,0.0,0.0,0.0,0.0,0.0,0.0,0.0,0.0,0.0,0.0,0.0,0.0,0.0,0.0,0.0,0.0,0.0,0.0,-1.4813300360320114,0.0,0.0,0.0,0.0,0.0,1.1183346668956686,0.0,0.0,0.0,0.0,0.0,0.0,0.0,0.9898197906118784,0.0,0.0,0.0,0.0,0.0,0.0,0.0,0.0,0.0,0.0,0.0,0.0,0.0,0.0
2.994191688623505,0.0,0.0,0.0,2.037619120846623,0.0,0.0,0.0,0.0,0.0,0.0,0.0,0.0,0.0,0.0,0.0,2.854581522081191,0.0,0.0,0.0,0.0,0.0,0.0,0.0,0.0,0.0,0.0,0.0,0.0,0.0,0.0,0.0,0.0,0.0,0.0,0.0,0.0,0.0,0.0,0.0,0.0,0.0,0.0,0.0,0.0,0.0,0.0,0.0,0.0,0.0,0.0,0.0,0.0,0.0,2.0321419617666203,0.0,0.0,0.0,0.0,0.0,0.0,0.0,0.0,0.0,0.0,0.0,0.0,0.0,0.0,0.0,0.0,0.0,0.0,0.0,1.5123463364565894,0.0,0.0,0.0,1.9594047218324775,1.7478523804918826,0.0,0.0,0.0,0.0,0.0,0.0,0.0,0.0,0.0,0.0,0.0,0.0,0.0,0.0,0.0,0.0,0.0,0.0,0.0,0.0,0.0,0.0,0.0,0.0,0.0,0.0,0.0,0.0,0.0,0.0,3.776821560493384,3.9045031453589667,0.0,3.579488395132053,0.0,0.0
0.0,0.0,0.0,0.0,0.0,0.0,0.6260069020029133,0.0,0.0,0.0,0.0,0.0,0.0,0.0,0.0,0.0,0.0,0.27783971138483693,0.0,0.33807253184796604,0.0,0.0,0.6588865066850026,0.0,0.5445731808016,0.0,0.0,0.0,0.0,0.0,0.0,0.0,0.0,0.0,0.0,0.0,0.0,0.0,0.0,0.0,0.0,0.0,0.0,0.0,0.0,0.0,0.0,0.0,0.0,0.0,0.0,0.0,0.0,0.0,0.0,0.0,0.0,0.0,0.3431439927138206,0.0,0.0,0.44061610119376865,0.0,0.0,0.0,0.0,0.0,0.0,0.0,0.0,0.0,0.0,0.0,0.0,0.0,0.8324921623855354,0.0,0.0,0.0,0.0,0.0,0.0,0.0,0.0,0.0,0.0,0.0,0.0,0.0,0.0,0.0,0.0,0.0,0.0,0.0,0.0,0.0,0.0,0.0,0.0,0.0,0.0,0.0,0.0,0.0,0.0,0.0,0.0,0.0,0.0,0.6249458469027831,0.41247200718244303,0.0,0.0,0.0,0.0
0.0,0.0,0.0,0.0,0.0,0.0,0.6045355019392712,0.0,0.0,0.0,0.0,0.0,0.0,0.0,0.0,0.0,0.0,0.0,0.0,0.5705712666265931,0.0,0.0,0.0,0.0,0.0,0.0,0.0,0.0,0.0,0.0,0.0,0.0,0.0,0.0,0.0,0.0,0.0,0.0,0.0,0.0,0.0,0.0,0.0,0.0,0.0,0.0,0.46767435298609833,0.0,0.0,0.0,0.40211189863105773,0.0,0.0,0.0,0.3603440206734616,0.0,0.0,0.0,0.0,0.0,0.0,0.6981900267618368,0.0,0.0,0.0,0.0,0.0,0.0,0.0,0.0,0.0,0.0,0.0,0.0,0.0,0.0,0.0,0.0,0.0,0.0,0.0,0.0,0.0,0.0,0.0,0.0,0.0,0.0,0.0,0.0,0.0,0.0,0.0,0.0,0.5000120232375653,0.0,0.0,0.0,0.0,0.0,0.0,0.0,0.0,0.0,0.0,0.0,0.0,0.0,0.0,0.0,0.46502984584788887,0.6253271280711737,0.0,0.6055914487866084,0.0,0.0
0.0,0.0,0.0,0.0,0.0,0.0,0.0,0.0,0.0,0.0,0.0,0.0,0.0,0.0,0.0,0.0,3.940389316787306,0.0,2.1359308351871524,1.0895971092595833,0.7975244537717693,0.0,0.0,0.0,0.0,0.0,0.0,0.0,0.0,0.0,0.0,0.0,0.0,0.0,0.0,0.0,0.0,0.0,0.0,0.0,0.0,0.0,0.0,0.0,0.0,0.0,0.0,0.0,0.0,0.0,0.0,0.0,0.0,0.0,0.0,0.0,0.0,0.0,0.9176113874171078,0.0,0.0,0.0,0.0,0.0,0.0,0.0,0.0,0.0,0.0,0.0,0.0,0.0,0.0,0.0,0.0,0.0,0.0,0.0,0.0,0.0,0.0,0.0,0.0,0.0,0.0,0.0,0.0,0.0,0.0,0.0,0.0,0.0,0.0,0.0,0.0,0.0,0.0,0.0,0.0,0.0,0.0,0.0,0.0,0.0,1.122800852781935,0.0,0.7708526421415051,0.6257101206151301,0.0,0.0,0.6903340151548075,0.8083161661801045,0.0,0.0,0.0,0.0
1.4277166118274907,0.0,0.0,0.0,0.0,0.0,0.0,0.0,0.0,0.0,0.0,0.0,0.0,0.0,0.0,0.0,1.4049223287963986,0.0,0.0,0.0,0.0,0.0,1.0730170309879634,0.0,-5.14427712683231,0.0,0.0,0.0,0.0,0.0,0.0,0.0,0.43169543680596667,0.0,0.0,0.0,0.0,0.0,0.0,0.0,0.0,0.0,0.0,0.0,0.0,0.0,0.0,0.0,0.0,0.0,0.0,0.0,0.0,0.0,0.0,0.0,0.0,0.0,0.5606520673939306,0.0,0.0,0.0,0.0,0.0,0.0,0.0,0.0,0.0,0.0,0.0,0.0,0.0,0.0,0.0,0.0,1.0885256754328103,0.0,0.0,0.0,0.0,0.0,0.0,0.0,0.0,0.0,0.0,0.0,0.0,0.0,0.0,0.0,0.0,0.0,0.0,0.0,0.0,0.0,0.0,0.0,0.0,0.0,0.0,0.0,0.0,0.0,0.0,0.0,0.0,0.0,0.0,0.9657538413197645,1.2445782116430648,0.0,0.8531168662496015,0.0,0.0
0.0,0.0,0.0,0.0,0.0,0.0,0.0,0.0,0.0,0.0,0.0,0.0,0.0,1.2204257706661552,0.0,0.0,2.0205631218800826,0.0,1.1716542734325617,1.166189989743432,0.0,0.0,1.1128239401900135,0.0,1.4555073344503293,0.0,0.0,0.0,0.0,0.0,0.0,0.0,0.0,0.0,0.0,0.0,0.0,0.0,0.0,0.0,0.0,1.996690234626264,0.0,0.0,0.0,0.0,0.0,0.0,0.0,0.0,1.129222129841989,0.0,0.0,0.0,0.0,0.0,0.0,0.0,1.068990652928644,0.0,0.0,1.0568870051886747,0.0,0.0,0.0,0.0,0.0,0.0,0.0,0.0,0.0,0.0,0.0,0.0,0.0,0.0,0.0,0.0,0.0,0.0,0.0,0.0,0.0,0.0,0.0,0.0,0.0,0.0,0.0,0.0,0.0,0.0,0.0,0.0,0.0,0.0,0.0,0.0,0.0,0.0,0.0,0.0,0.0,0.0,0.0,0.0,0.0,0.0,0.0,0.0,0.0,0.0,0.0,0.0,0.0,0.0
0.0,0.0,0.0,0.0,0.0,0.0,0.0,0.0,0.0,0.0,0.0,0.0,0.0,1.1865899425166406,0.0,0.0,1.9219975376082687,0.0,0.0,0.0,0.0,0.0,0.0,0.0,0.0,0.0,0.0,0.0,0.0,0.0,0.0,0.0,0.9240080337350797,0.0,0.0,0.0,0.0,0.0,0.0,0.0,0.0,0.0,0.0,0.0,0.0,0.0,0.0,0.0,0.0,1.719127074152715,0.0,0.0,0.0,0.0,0.0,0.0,0.0,0.0,0.0,0.0,0.0,1.2114583207971605,0.0,0.0,0.0,0.0,0.0,0.0,0.0,0.0,0.0,0.0,0.0,0.0,0.0,0.0,0.0,0.0,0.0,0.0,0.0,0.0,0.0,0.0,0.0,0.0,0.0,1.1230755410320565,0.9452590775797903,0.0,0.0,0.0,0.0,0.0,0.0,0.0,0.0,0.0,0.0,0.0,0.0,0.0,0.0,0.0,0.0,0.0,0.0,0.0,0.0,0.0,1.3966334381401322,1.2695337052035232,0.0,1.501457798567055,0.0,0.0
0.0,0.0,0.0,0.0,0.0,0.0,0.0,0.0,0.0,0.0,0.0,0.0,0.0,0.0,0.0,0.0,0.0,0.0,-1.191336334013932,0.0,-1.6612116332407487,0.0,0.0,0.0,1.568030793806225,0.0,0.0,0.0,0.0,0.0,0.0,0.0,0.0,-0.4636015821479052,0.0,0.0,-0.49844237614541426,0.0,0.0,0.0,0.0,0.0,0.0,0.0,0.0,0.0,0.0,0.0,0.0,0.0,0.0,0.0,0.0,0.0,0.0,0.0,0.0,0.0,-0.7651950065971332,0.0,-0.3461421257994908,0.0,0.0,0.0,0.0,0.0,0.0,0.0,0.0,0.0,0.0,0.0,0.0,0.0,0.0,-0.7320860318893374,0.0,0.0,0.0,0.0,0.0,0.0,0.0,0.0,0.0,0.0,0.0,-0.449377115422953,0.0,0.0,0.0,0.0,0.0,1.3383687744898702,0.0,0.0,0.0,0.0,0.0,0.0,0.0,0.0,0.0,0.0,0.0,0.0,0.0,0.0,0.0,0.0,0.0,0.0,0.0,0.0,0.0,0.0
0.0,0.0,0.0,0.0,-4.1833428334530165,0.0,-3.906605448983136,0.0,0.0,0.0,0.0,0.0,0.0,0.0,0.0,0.0,-7.361122625174354,0.0,-5.751592893256599,-3.6052471059351583,-5.700827792822349,0.0,0.0,0.0,0.0,-6.451063431370904,0.0,0.0,0.0,0.0,0.0,0.0,0.0,0.0,0.0,0.0,0.0,0.0,0.0,0.0,0.0,0.0,0.0,0.0,0.0,0.0,0.0,0.0,0.0,0.0,0.0,0.0,0.0,0.0,0.0,0.0,0.0,0.0,-3.8994883010763304,0.0,0.0,0.0,0.0,0.0,0.0,0.0,0.0,0.0,0.0,0.0,0.0,0.0,0.0,0.0,0.0,0.0,0.0,0.0,0.0,0.0,0.0,0.0,0.0,0.0,0.0,0.0,0.0,-4.209118993231442,0.0,0.0,0.0,0.0,0.0,0.0,0.0,0.0,0.0,0.0,0.0,0.0,0.0,0.0,0.0,0.0,0.0,0.0,0.0,0.0,0.0,0.0,0.0,0.0,0.0,0.0,0.0,-10.232641897751725
0.0,0.0,0.0,0.0,0.0,0.0,0.0,0.0,0.0,0.0,0.0,0.0,0.0,0.0,0.0,0.0,-4.259534143702161,-2.3693390491371034,0.0,-4.363894223092469,0.0,0.0,0.0,0.0,-3.732106683163698,0.0,0.0,0.0,0.0,0.0,0.0,0.0,0.0,0.0,0.0,0.0,0.0,0.0,0.0,0.0,0.0,0.0,0.0,0.0,0.0,0.0,0.0,0.0,0.0,0.0,0.0,0.0,0.0,0.0,0.0,0.0,0.0,0.0,0.0,0.0,0.0,0.0,0.0,0.0,0.0,0.0,0.0,0.0,0.0,0.0,0.0,0.0,0.0,0.0,-3.7325345793521842,0.0,0.0,0.0,0.0,0.0,0.0,0.0,0.0,0.0,0.0,0.0,0.0,0.0,0.0,0.0,0.0,0.0,0.0,-4.816389514603386,-4.0048764430428,0.0,0.0,0.0,0.0,0.0,0.0,-2.5299175461282597,0.0,0.0,0.0,0.0,0.0,0.0,0.0,0.0,-2.641018894202756,0.0,0.0,-3.1511646348944455,0.0,0.0
0.0,0.0,0.0,0.0,0.0,0.0,0.6613530171127755,0.0,0.0,0.0,0.0,0.0,0.0,0.0,0.0,0.0,-2.3381178267094507,0.0,0.0,0.0,0.0,0.0,0.0,0.0,0.0,0.0,0.0,0.0,0.0,0.0,0.0,0.5437536244435309,0.6590562910480086,0.292955077643553,0.0,0.0,0.0,0.0,0.0,0.0,0.0,0.6358509773659193,0.0,0.0,0.0,0.0,0.0,0.0,0.0,0.0,0.0,0.0,0.0,0.0,0.0,0.0,0.0,0.0,0.0,0.0,0.0,0.5559828855794717,0.0,0.0,0.0,0.0,0.0,0.0,0.0,0.0,0.0,0.0,0.0,0.0,0.0,0.0,0.0,0.0,0.0,0.0,0.0,0.0,0.0,0.0,0.0,0.0,0.0,0.0,0.0,0.0,0.0,0.0,0.0,0.0,0.39993543865982695,0.0,0.0,0.0,0.0,0.0,0.0,0.0,0.0,0.0,0.0,0.0,0.0,0.0,0.0,0.0,0.2897219559475052,0.0,0.0,0.6985843207529477,0.0,0.0
0.0,0.0,0.0,0.0,2.218000365290399,0.0,0.0,0.0,0.0,0.0,0.0,0.0,0.0,0.0,0.0,0.0,0.0,0.0,2.1911863966103553,0.0,2.873420992698275,0.0,1.6869827324288982,0.0,0.0,0.0,0.0,0.0,0.0,0.0,0.0,0.0,0.0,0.0,0.0,0.0,0.0,0.0,0.0,0.0,0.0,0.0,0.0,0.0,0.0,0.0,0.0,0.0,0.0,0.0,1.6227957579541346,0.0,0.0,0.0,0.0,0.0,0.0,0.0,1.8289675377201133,0.0,0.0,1.6534833716915038,0.0,0.0,0.0,0.0,0.0,0.0,0.0,0.0,0.0,0.0,0.0,0.0,0.0,0.0,0.0,0.0,0.0,0.0,0.0,0.0,0.0,0.0,0.0,0.0,0.0,0.0,0.0,0.0,0.0,0.0,0.0,0.0,0.0,0.0,0.0,0.0,0.0,0.0,0.0,0.0,0.0,0.0,0.0,0.0,0.0,0.0,0.0,0.0,2.4595109219301943,2.1774556276010455,0.0,2.287486700393201,0.0,0.0
0.0,0.0,0.0,0.0,0.0,0.0,0.0,0.0,0.0,0.0,0.0,0.0,0.0,0.0,0.0,0.723486865364831,0.0,0.0,0.0,0.0,2.2265868171693954,0.0,0.0,0.0,0.0,0.0,0.0,0.0,0.0,0.0,0.0,0.0,0.0,0.0,0.0,0.0,0.0,0.0,0.0,0.0,0.0,0.0,0.0,0.0,0.0,0.0,0.0,0.0,0.0,0.0,0.0,0.0,0.0,0.0,0.0,0.0,0.0,0.0,0.5278974472231415,0.0,0.0,0.0,0.6629369799536343,0.0,0.0,0.0,0.0,0.0,0.0,0.0,0.0,0.0,0.0,0.0,0.0,0.0,0.0,0.0,0.0,0.0,0.591710728746811,0.0,0.0,0.43475166428030265,0.0,1.0432139033507637,0.0,0.0,0.0,0.0,0.0,0.0,0.0,-2.4986499602989087,0.0,0.0,0.0,0.0,0.0,0.0,0.0,0.0,0.5917283330432659,0.0,0.0,0.0,0.0,0.0,0.0,0.0,0.0,-1.8813334635744576,0.0,0.0,0.0,0.0
0.0,0.0,-1.958542583406436,0.0,0.0,0.0,-0.557759916376466,0.0,0.0,0.0,0.0,0.0,0.0,0.0,0.0,0.0,-1.8822407906536642,0.0,-1.743323965442433,0.0,-2.8858265393068496,0.0,0.0,0.0,1.915693854925079,1.8465965157536226,-0.6194303316713574,0.0,0.0,0.0,0.0,0.0,0.0,0.0,0.0,0.0,0.0,0.0,0.0,0.0,0.0,0.0,0.0,0.0,0.0,0.0,0.0,0.0,0.0,0.0,0.0,0.0,0.0,0.0,0.0,0.0,0.0,0.0,0.0,0.0,0.0,0.0,0.0,0.0,0.0,0.0,0.0,-0.9178112259949581,0.0,0.0,0.0,0.0,0.0,0.0,0.0,0.0,0.0,0.0,0.0,0.0,0.0,0.0,0.0,0.0,0.0,0.0,0.0,0.0,0.0,0.0,0.0,0.0,0.0,3.1011835542635007,0.0,0.0,0.0,0.0,0.0,0.0,0.0,0.0,0.0,0.0,0.0,0.0,0.0,0.0,0.0,0.0,0.0,0.0,0.0,0.0,0.0,0.0
1.040669914470435,0.0,0.0,0.0,0.0,0.0,0.0,0.0,0.0,0.0,0.0,0.0,0.0,0.4016515114370299,0.0,0.0,3.4804311757322077,0.0,0.7822895207651718,0.0,2.1654958491009575,0.0,0.0,0.0,0.7672881833813114,0.0,0.0,0.0,0.0,0.0,0.0,0.0,0.0,0.0,0.0,0.0,0.0,0.0,0.0,0.0,0.0,0.0,0.0,0.0,0.0,0.0,0.0,0.0,0.0,0.0,0.0,0.0,0.0,0.0,0.0,0.0,0.0,0.0,0.0,0.0,0.2477072318040553,0.0,0.0,0.0,0.0,0.0,0.0,0.0,0.0,0.0,0.0,0.0,0.0,0.0,0.22170094671352025,0.0,0.0,0.0,0.0,0.0,0.0,0.0,0.0,0.0,0.0,0.0,0.0,0.0,0.0,0.0,0.0,0.7055431004173149,0.0,0.0,2.28635960974869,0.0,0.0,0.0,0.0,0.0,0.0,0.0,0.0,0.0,0.0,0.0,0.0,0.0,0.0,0.0,0.0,0.0,0.0,0.0,0.0,0.0
0.0,0.0,0.0,0.0,0.0,0.0,0.0,0.0,0.0,0.0,0.0,0.0,0.0,0.0,0.0,0.0,-3.94781729942633,0.0,0.0,0.0,1.7456567363052653,0.0,1.1625377415614742,0.5546480292029088,1.3712394846684912,0.0,0.0,0.0,0.0,0.0,0.0,0.0,0.0,0.0,0.0,0.0,0.0,0.0,0.0,0.0,0.0,0.0,0.0,0.0,0.0,0.0,0.0,0.0,0.0,0.0,0.0,0.0,0.0,0.0,0.0,0.0,0.0,0.0,0.0,0.5899353289822815,0.0,0.5536573554463894,0.0,0.0,0.0,0.0,0.0,0.0,0.0,0.0,0.0,0.0,0.0,0.0,0.4614461674646134,0.0,0.0,0.0,0.0,0.0,0.0,0.0,0.0,0.0,0.0,0.0,0.0,0.0,0.0,0.0,0.0,0.0,0.0,0.0,0.0,0.0,0.0,0.0,0.0,0.0,0.0,0.0,0.0,0.0,0.0,0.0,0.0,0.0,0.0,0.0,0.6499814232806814,0.8575915147236518,0.0,0.0,0.0,0.0
2.7993583725311018,0.0,0.0,1.7706686554644164,0.0,0.0,0.0,0.0,0.0,0.0,0.0,0.0,0.0,0.0,0.0,0.0,0.0,0.0,0.0,0.0,0.0,0.0,2.3100596992451945,0.0,0.0,0.0,0.0,0.0,0.0,0.0,0.0,0.0,0.0,0.0,0.0,0.0,0.0,0.0,0.0,0.0,0.0,0.0,0.0,0.0,0.0,0.0,0.0,0.0,0.0,0.0,0.0,0.0,1.9847123183903432,0.0,0.0,0.0,0.0,0.0,0.0,0.0,0.0,0.0,1.5692382846540747,0.0,0.0,0.0,0.0,0.0,0.0,0.0,0.0,0.0,0.0,0.0,0.0,0.0,0.0,0.0,0.0,1.5509556977330163,0.0,0.0,0.0,0.0,0.0,0.0,0.0,0.0,0.0,0.0,0.0,1.9982262288070138,0.0,0.0,1.6896206015134612,0.0,0.0,0.0,0.0,0.0,0.0,0.0,0.0,0.0,0.0,0.0,0.0,0.0,0.0,0.0,2.2820038597422987,2.527322040173805,0.0,0.0,0.0,0.0
0.0,0.0,0.0,0.0,0.0,0.0,-1.04948864286916,0.0,0.0,0.0,0.0,0.0,0.0,0.0,0.0,0.0,0.0,0.0,-1.9341167803872565,0.0,-2.4045232554826006,0.0,0.0,0.0,0.0,-1.274532328282509,0.0,0.0,0.0,0.0,0.0,0.0,0.0,0.0,0.0,0.0,0.0,0.0,0.0,0.0,0.0,0.0,0.0,0.0,0.0,0.0,0.0,0.0,0.0,0.0,0.0,0.0,0.0,0.0,0.0,0.0,0.0,0.0,-1.8025475869054775,0.0,0.0,0.0,0.0,0.0,0.0,-1.4836158105113448,0.0,0.0,0.0,0.0,0.0,0.0,0.0,-1.7837067505328303,0.0,0.0,0.0,0.0,0.0,-1.3190526175154107,0.0,0.0,0.0,0.0,0.0,0.0,0.0,-1.044110883650516,0.0,0.0,0.0,0.0,0.0,0.0,0.0,0.0,0.0,0.0,0.0,0.0,0.0,0.0,0.0,0.0,0.0,0.0,0.0,0.0,0.0,0.0,0.0,-0.905349449464401,0.0,0.0,0.0,0.0
2.3966489839847376,0.0,0.0,0.0,1.2180848437076213,0.0,0.0,0.0,0.0,0.0,0.0,0.0,0.0,0.0,0.0,0.0,0.0,0.0,1.682685248851279,0.0,3.1053569506049903,0.0,0.0,0.0,0.0,0.0,0.0,0.0,0.0,0.0,0.0,0.0,0.0,0.0,0.0,0.0,0.0,0.0,0.0,0.0,0.0,0.0,0.0,0.0,0.0,0.0,0.0,0.0,0.0,0.0,0.0,0.0,0.0,0.0,0.0,0.0,0.0,0.0,0.0,0.0,0.0,0.0,0.0,0.0,0.0,0.0,0.0,0.0,0.0,0.0,0.0,0.0,1.3688659134297754,0.0,0.0,0.0,0.0,0.0,0.0,1.1407902161242645,0.0,0.0,0.0,0.0,0.0,0.0,0.0,0.0,0.0,0.0,0.0,0.0,0.0,0.0,1.6944631388883336,0.0,0.0,0.0,0.0,0.0,0.0,0.0,0.0,0.0,0.0,0.0,0.0,0.0,0.0,0.0,1.5184699131796837,1.5655873903481248,0.0,0.0,1.20807806717594,0.0
1.5468666518897825,0.0,0.0,0.0,0.0,0.0,0.0,0.0,0.0,0.0,0.0,0.0,0.0,0.0,0.0,0.0,0.0,0.0,1.185394226580422,0.0,2.8247286099757645,0.0,1.0725490589804543,0.0,0.0,0.0,0.0,0.0,0.0,0.0,0.0,0.0,0.0,0.0,0.0,0.0,0.0,0.0,0.0,0.0,0.0,0.0,0.0,0.0,0.0,0.0,0.0,0.0,0.0,0.0,0.0,0.0,0.0,0.0,0.0,0.0,0.0,0.0,0.0,0.0,0.0,0.0,0.0,0.0,0.0,0.0,0.0,0.0,0.0,0.0,0.0,0.0,0.0,0.0,0.0,0.0,0.0,0.0,0.0,0.0,0.0,1.0126352265630327,0.0,0.0,0.0,0.0,0.0,1.2021786363073284,0.0,0.0,0.0,1.1416970418413745,0.0,0.0,1.9711074948281382,0.0,0.0,0.0,0.0,0.0,0.0,0.0,0.0,0.0,0.0,0.0,0.0,0.0,0.0,0.0,1.423594840467054,1.6669613796734704,0.0,0.0,0.0,0.0
1.48352614627225,0.0,0.0,0.0,0.0,0.0,0.0,0.0,0.0,0.0,0.0,0.0,0.0,0.0,0.0,0.0,0.0,0.0,0.0,0.0,2.3801957694442053,0.0,0.0,0.0,0.0,0.0,0.0,0.0,0.0,0.0,0.0,0.0,0.0,0.0,0.0,0.0,0.0,0.0,0.0,0.0,0.0,0.0,0.0,0.0,0.0,0.0,0.0,0.0,0.0,0.0,0.0,0.0,0.0,0.0,0.0,0.0,0.0,0.0,0.0,0.0,0.0,0.0,0.0,0.0,0.0,0.0,0.0,0.0,0.0,0.0,0.0,0.0,0.0,0.0,1.9457143654705416,0.0,0.0,0.0,1.247819010074722,0.0,0.0,0.0,0.0,0.0,0.0,0.0,0.0,0.0,0.0,0.0,0.0,1.6272414823474837,0.0,0.0,2.668534345858103,0.0,0.0,0.0,0.0,0.0,0.0,0.0,1.8322624338072409,0.0,0.0,0.0,0.0,0.0,0.0,0.0,1.6672507876400122,1.7203881411622484,0.0,1.9264651982997942,0.0,0.0
0.0,0.0,0.0,0.0,0.0,0.0,0.0,0.0,0.0,0.0,0.0,0.0,0.0,0.0,0.0,0.0,-0.8990141790746344,0.0,-1.7065939789225846,0.0,-1.6192785878001852,0.0,0.0,0.0,0.0,0.0,0.0,0.0,0.0,0.0,0.0,0.0,0.0,0.0,0.0,0.0,0.0,0.0,0.0,0.0,0.0,0.0,0.0,0.0,0.0,0.0,0.0,0.0,0.0,0.0,0.0,0.0,0.0,0.0,0.0,0.0,0.0,0.0,-2.655057701344711,0.0,-0.673119885936508,-0.7738710719000547,0.0,0.0,0.0,0.0,0.0,-0.7523595044237605,0.0,0.0,0.0,0.0,0.0,0.0,0.0,0.0,0.0,0.0,0.0,-0.9341216135177108,0.0,0.0,0.0,0.0,0.0,0.0,0.0,-1.2772081564578928,0.0,0.0,0.0,0.0,0.0,0.0,0.0,0.0,0.0,0.0,0.0,0.0,0.0,0.0,0.0,-1.610421146614593,0.0,0.0,0.0,0.0,0.0,0.0,0.0,0.0,0.0,0.0,0.0,0.0
0.0,0.0,0.0,0.0,0.0,0.0,-0.9388333780135634,0.0,0.0,0.0,0.0,0.0,0.0,0.0,0.0,0.0,-1.793981067078882,0.0,-1.8921574468376487,0.0,-1.8639496196664822,0.0,0.0,0.0,0.0,0.0,0.0,0.0,0.0,0.0,0.0,0.0,0.0,0.0,0.0,0.0,0.0,0.0,0.0,0.0,0.0,0.0,0.0,0.0,0.0,0.0,0.0,0.0,0.0,0.0,-1.964810524143855,0.0,0.0,0.0,0.0,0.0,0.0,0.0,0.0,0.0,0.0,0.0,0.0,0.0,0.0,0.0,0.0,0.0,0.0,0.0,0.0,0.0,0.0,0.0,0.0,-1.7350606858505377,0.0,0.0,0.0,0.0,0.0,0.0,0.0,0.0,0.0,0.0,0.0,-1.292427349215399,0.0,0.0,0.0,-1.5060368574813303,0.0,0.0,-4.7135383369358586,0.0,0.0,0.0,0.0,0.0,0.0,0.0,0.0,0.0,0.0,0.0,0.0,0.0,0.0,0.0,-1.0002452184814032,0.0,0.0,0.0,0.0,0.0
0.0,-0.8163688255799006,0.0,-0.3282977731443282,-0.9626136695181754,-0.42798685888483556,-0.5593261171047239,0.0,0.0,0.0,0.0,0.0,0.0,0.0,-1.1553805587958401,0.0,-3.3036976927697865,0.0,-1.469832780542945,0.0,-3.4945839322945704,0.0,0.0,0.0,1.6166883244856223,0.0,0.0,0.0,0.0,0.0,0.0,0.0,0.0,0.0,0.0,0.0,0.0,0.0,0.0,0.0,0.0,0.0,0.0,0.0,0.0,0.0,0.0,0.0,0.0,0.0,0.0,0.0,0.0,0.0,0.0,0.0,0.0,0.0,0.0,0.0,0.0,0.0,0.0,0.0,0.0,0.0,0.0,0.0,0.0,0.0,0.0,0.0,0.0,0.0,0.0,0.0,0.0,0.0,0.0,0.0,0.0,0.0,0.0,0.0,0.0,0.0,0.0,0.0,0.0,0.0,0.0,0.0,0.0,0.0,0.0,0.0,0.0,0.0,0.0,0.0,0.0,0.0,0.0,0.0,0.0,0.0,0.0,0.0,0.0,0.0,0.0,0.0,0.0,0.0,0.0,0.0
